id;nom;prenom;adresse;code postal;ville
1;Dupont;Marie;12 rue de la Republique;75001;Paris
2;Martin;Jean;5 avenue des Champs-elysees;75008;Paris
3;Lefebvre;Claire;8 boulevard Saint-Michel;75005;Paris
4;Moreau;Pierre;23 rue de la Paix;69002;Lyon
5;Girard;Sophie;15 rue Victor Hugo;13001;Marseille
6;Roux;Luc;7 avenue Jean Jaures;31000;Toulouse
7;Petit;elise;10 rue du General Leclerc;67000;Strasbourg
8;Fournier;Marc;20 rue de la Liberte;59000;Lille
9;Blanc;Julie;3 avenue Foch;6000;Nice
10;Garnier;Paul;18 rue de la Gare;44000;Nantes
11;Dubois;Chloe;9 rue de l'eglise;75003;Paris
12;Michel;Thomas;14 avenue de la Republique;69003;Lyon
13;Henry;Emma;6 rue du Moulin;67000;Strasbourg
14;Noel;Julien;11 boulevard Carnot;13002;Marseille
15;Rousseau;Lea;4 rue des Lilas;31001;Toulouse
16;Faure;Hugo;2 rue Saint-Pierre;59001;Lille
17;Adam;Clara;17 avenue des Tilleuls;6001;Nice
18;Poirier;Vincent;21 rue de la Gare;44001;Nantes
19;Chevalier;Lucie;8 rue du Chateau;75004;Paris
20;Colin;Benoit;12 avenue Victor Hugo;69004;Lyon
21;Gauthier;Marine;5 rue de la Liberte;13003;Marseille
22;Bourgeois;Alexandre;9 boulevard Saint-Denis;31002;Toulouse
23;Meyer;Julie;7 rue des Fleurs;59002;Lille
24;Marchand;Pauline;16 rue de la Paix;6002;Nice
25;Lemoine;Antoine;3 avenue Jean Moulin;44002;Nantes
26;Barbier;Sophie;10 rue de la Republique;75005;Paris
27;Leclerc;Mathieu;14 boulevard Victor Hugo;69005;Lyon
28;Benoit;Claire;12 rue Saint-Jacques;67001;Strasbourg
29;Giraud;Lucas;7 avenue de la Gare;13004;Marseille
30;Brun;Emma;18 rue du Port;31003;Toulouse
31;Renaud;Thomas;6 rue du Chateau;59003;Lille
32;Carpentier;Lea;15 rue du Soleil;6003;Nice
33;Lambert;Marc;11 avenue de l'eglise;44003;Nantes
34;Guillaume;Clara;5 rue des Roses;75006;Paris
35;Perrin;Hugo;8 boulevard Saint-Michel;69006;Lyon
36;Vidal;Chloe;3 rue du Parc;67002;Strasbourg
37;Renard;Alexandre;10 avenue de la Gare;13005;Marseille
38;Gilles;Julie;9 rue des Lilas;31004;Toulouse
39;Mallet;Luc;20 rue de la Liberte;59004;Lille
40;Faye;Pauline;2 rue du Moulin;6004;Nice
41;Lemoine;Benoit;17 avenue Victor Hugo;44004;Nantes
42;Baron;Emma;14 rue du General Leclerc;75007;Paris
43;Louis;Thomas;8 boulevard Carnot;69007;Lyon
44;Poulain;Marine;6 rue du Chateau;67003;Strasbourg
45;Meunier;Lucas;12 avenue des Tilleuls;13006;Marseille
46;Clement;Sophie;5 rue de la Paix;31005;Toulouse
47;Renault;Antoine;9 rue Saint-Pierre;59005;Lille
48;Jacquet;Julie;3 avenue Jean Jaures;6005;Nice
49;Perrot;Paul;16 rue de la Gare;44005;Nantes
50;Tessier;Clara;7 rue du Parc;75008;Paris
